dataset_id	pmid	author	series_id	strategy	layout	test	control	protein_name	peak_file	site_file	sample title	growth conditions	
DS00038	21097887	"Kahramanoglou C, Seshasayee AS, Prieto AI, Ibberson D, Schmidt S, Zimmermann J, Benes V, Fraser GM, Luscombe NM."	E-MTAB-332	ChIP-seq	single	ERR015957	ERR015952	HNS	ChIP-seq_collection/E-MTAB-332/datasets/DS00038/DS00038_peaks.bed	ChIP-seq_collection/E-MTAB-332/datasets/DS00038/DS00038_sites.bed	early-exponential_hns::3xFLAG	"ORGANISM:Escherichia coli str. K-12 substr. MG1655 |GENETIC_BACKGROUND:hns-3xflag |MEDIUM:LB medium, Luria-NaCl 0.5%  |AERATION:aerobic |TEMPERATURE:37 |GROWTH_PHASE:early exponential phase"	
DS00039	21097887	"Kahramanoglou C, Seshasayee AS, Prieto AI, Ibberson D, Schmidt S, Zimmermann J, Benes V, Fraser GM, Luscombe NM."	E-MTAB-332	ChIP-seq	single	ERR015958	ERR015952	HNS	ChIP-seq_collection/E-MTAB-332/datasets/DS00039/DS00039_peaks.bed	ChIP-seq_collection/E-MTAB-332/datasets/DS00039/DS00039_sites.bed	mid-exponential_hns::3xFLAG	"ORGANISM:Escherichia coli str. K-12 substr. MG1655 |GENETIC_BACKGROUND:hns-3xflag |MEDIUM:LB medium, Luria-NaCl 0.5%  |AERATION:aerobic |TEMPERATURE:37 |GROWTH_PHASE:mid exponential phase"	
DS00040	21097887	"Kahramanoglou C, Seshasayee AS, Prieto AI, Ibberson D, Schmidt S, Zimmermann J, Benes V, Fraser GM, Luscombe NM."	E-MTAB-332	ChIP-seq	single	ERR015955	ERR015952	HNS	ChIP-seq_collection/E-MTAB-332/datasets/DS00040/DS00040_peaks.bed	ChIP-seq_collection/E-MTAB-332/datasets/DS00040/DS00040_sites.bed	transition-to-stationary_hns::3xFLAG	"ORGANISM:Escherichia coli str. K-12 substr. MG1655 |GENETIC_BACKGROUND:hns-3xflag |MEDIUM:LB medium, Luria-NaCl 0.5%  |AERATION:aerobic |TEMPERATURE:37 |GROWTH_PHASE:stationary phase"	
DS00041	21097887	"Kahramanoglou C, Seshasayee AS, Prieto AI, Ibberson D, Schmidt S, Zimmermann J, Benes V, Fraser GM, Luscombe NM."	E-MTAB-332	ChIP-seq	single	ERR015956	ERR015952	HNS	ChIP-seq_collection/E-MTAB-332/datasets/DS00041/DS00041_peaks.bed	ChIP-seq_collection/E-MTAB-332/datasets/DS00041/DS00041_sites.bed	stationary_hns::3xFLAG	"ORGANISM:Escherichia coli str. K-12 substr. MG1655 |GENETIC_BACKGROUND:hns-3xflag |MEDIUM:LB medium, Luria-NaCl 0.5%  |AERATION:aerobic |TEMPERATURE:37 |GROWTH_PHASE:transition to stationary phase"	
